program_id,name,org,description,url,phone,tags,eligibility
eldercare_locator,"Eldercare Locator","ACL / USAging","Free national service that connects older adults and caregivers to local services such as home care, meals, transportation, respite, and caregiver support.","https://eldercare.acl.gov","1-800-677-1116","navigation|respite|local_services","Older adults 60+ and their family caregivers"
va_caregiver_support,"VA Caregiver Support Line","U.S. Department of Veterans Affairs","Phone line staffed by licensed clinical social workers offering support, counseling, and referrals for caregivers of Veterans, and connections to local VA caregiver programs.","https://www.caregiver.va.gov","1-855-260-3274","veterans|counseling|navigation","Family caregivers of Veterans"
alz_helpline,"Alzheimer's Association 24/7 Helpline","Alzheimer's Association","Around-the-clock helpline with master's-level clinicians for dementia caregivers: information, local resources, crisis and emotional support in more than 200 languages.","https://www.alz.org/help-support/resources/helpline","1-800-272-3900","dementia|crisis|emotional_support","Anyone affected by Alzheimer's or dementia"
can_helpdesk,"National Caregiver Help Desk","Caregiver Action Network","Free help desk giving family caregivers personalized guidance and connections to resources.","https://www.caregiveraction.org/helpdesk","1-855-227-3640","navigation|peer_support|education","Any family caregiver"
lifeline_988,"988 Suicide & Crisis Lifeline","SAMHSA","Free, confidential 24/7 crisis support by call, text, or chat for anyone in emotional distress or crisis, including overwhelmed caregivers.","https://988lifeline.org","988","crisis|mental_health|emotional_support","Anyone in emotional distress or crisis"
fca,"Family Caregiver Alliance","Family Caregiver Alliance / National Center on Caregiving","Education, resources, and services for family caregivers, including fact sheets, care navigation, and state-by-state resource directories.","https://www.caregiver.org","1-800-445-8106","education|navigation|emotional_support","Family and informal caregivers"
arch_respite,"ARCH National Respite Locator","ARCH National Respite Network","Searchable database to find local respite care providers so caregivers can take a break.","https://archrespite.org/caregiver-resources/respitelocator","","respite|local_services","Caregivers seeking respite"
united_way_211,"211 (United Way)","United Way Worldwide","Free 24/7 helpline connecting people to local help with bills, food, housing, and caregiving resources; call or text 211.","https://www.211.org","211","navigation|financial|basic_needs","Anyone needing local resources"
nfcsp,"National Family Caregiver Support Program","ACL / Administration on Aging","Federally funded program delivered through Area Agencies on Aging providing information, respite, counseling, and training to family caregivers; access via your local agency or the Eldercare Locator.","https://acl.gov/programs/support-caregivers/national-family-caregiver-support-program","","financial|respite|education|government","Caregivers of adults 60+, caregivers of any-age individuals with dementia, or relatives 55+ raising children"
aarp_caregiving,"AARP Family Caregiving Resource Line","AARP","Toll-free line offering information, guidance, and support for family caregivers, plus online tools and guides.","https://www.aarp.org/caregiving","1-877-333-5885","navigation|education|emotional_support","Family and informal caregivers (no membership required)"
well_spouse,"Well Spouse Association","Well Spouse Association","Peer support for spouses and partners caring for a chronically ill or disabled loved one, including support groups and a newsletter.","https://wellspouse.org","","peer_support|spousal|emotional_support","Spouses and partners who are caregivers"
pace,"PACE (Program of All-Inclusive Care for the Elderly)","Medicare / Medicaid","Program that coordinates and pays for medical and social services so older adults needing nursing-home-level care can stay in the community, easing the caregiving load.","https://www.medicare.gov/health-drug-plans/health-plans/your-coverage-options/other-medicare-health-plans/PACE","","financial|medical|respite|government","Adults 55+ with Medicare and/or Medicaid who need nursing-home-level care"
